{
	"description": "项目配置文件。",
	"packOptions": {
		"ignore": []
	},
	"setting": {
		"urlCheck": false,
		"es6": true,
		"postcss": true,
		"minified": true,
		"newFeature": true
	},
	"compileType": "miniprogram",
	"libVersion": "2.1.1",
	"appid": "wxb8a3638eb38122ab",
	"projectname": "singlee",
	"isGameTourist": false,
	"condition": {
		"search": {
			"current": -1,
			"list": []
		},
		"conversation": {
			"current": -1,
			"list": []
		},
		"plugin": {
			"current": -1,
			"list": []
		},
		"game": {
			"currentL": -1,
			"list": []
		},
		"miniprogram": {
			"current": 7,
			"list": [
				{
					"id": 0,
					"name": "详情页",
					"pathName": "pages/goodsitem/goodsitem",
					"query": "id=13"
				},
				{
					"id": -1,
					"name": "购物车",
					"pathName": "pages/cart/cart",
					"query": ""
				},
				{
					"id": -1,
					"name": "支付确认",
					"pathName": "pages/payment/payment",
					"query": ""
				},
				{
					"id": 3,
					"name": "银行卡",
					"pathName": "pages/bankcash/bankcash",
					"query": ""
				},
				{
					"id": -1,
					"name": "我的订单",
					"pathName": "pages/myorders/myorders",
					"query": ""
				},
				{
					"id": -1,
					"name": "注册",
					"pathName": "pages/register/register",
					"query": ""
				},
				{
					"id": -1,
					"name": "登陆",
					"pathName": "pages/login/login",
					"query": ""
				},
				{
					"id": 7,
					"name": "2",
<<<<<<< HEAD
					"pathName": "pages/shop/shop",
=======
					"pathName": "pages/test/test",
					"query": ""
				},
				{
					"id": 8,
					"name": "更新交易密码",
					"pathName": "pages/resetpwd/resetpwd",
					"query": ""
				},
				{
					"id": -1,
					"name": "更改密码",
					"pathName": "pages/resetpwd/resetpwd",
					"query": ""
				},
				{
					"id": -1,
					"name": "更新交易密码",
					"pathName": "pages/register/register",
>>>>>>> 7a7f26166642a9fedc83d22bbbb594f0a520d865
					"query": ""
				}
			]
		}
	}
}